{
  "calories_per_g": 1.1473279057638843,
  "fat_per_g": 0.05710147267859716,
  "protein_per_g": 0.07498493839152208,
  "carb_per_g": 0.09319894901249282
}