{
  "bibimbap": [
    1.508,
    0.0556,
    0.0919,
    0.16,
    350.0
  ],
  "caesar salad": [
    1.546,
    0.11800000000000001,
    0.07780000000000001,
    0.0432,
    250.0
  ],
  "sashimi": [
    1.0644,
    0.064,
    0.09880000000000001,
    0.0233,
    150.0
  ],
  "chocolate mousse": [
    2.7346000000000004,
    0.161,
    0.07139999999999999,
    0.25,
    280.0
  ],
  "macarons": [
    4.2748,
    0.182,
    0.0682,
    0.591,
    280.0
  ],
  "tiramisu": [
    2.6927999999999996,
    0.124,
    0.0412,
    0.353,
    150.0
  ],
  "spaghetti carbonara": [
    0.8916,
    0.0436,
    0.0594,
    0.0654,
    350.0
  ],
  "pancakes": [
    2.7929999999999997,
    0.001,
    0.0,
    0.696,
    180.0
  ],
  "pizza": [
    2.444,
    0.1,
    0.107,
    0.27899999999999997,
    250.0
  ],
  "donut": [
    4.1575999999999995,
    0.156,
    0.0444,
    0.644,
    280.0
  ],
  "hamburger": [
    2.6629,
    0.0581,
    0.09300000000000001,
    0.442,
    250.0
  ],
  "grilled salmon": [
    1.4277000000000002,
    0.0533,
    0.081,
    0.156,
    180.0
  ]
}