{
  "bibimbap": [
    1.508,
    0.0556,
    0.0919,
    0.16,
    350.0
  ],
  "caesar salad": [
    1.546,
    0.11800000000000001,
    0.07780000000000001,
    0.0432,
    250.0
  ],
  "sashimi": [
    1.0644,
    0.064,
    0.09880000000000001,
    0.0233,
    150.0
  ],
  "chocolate mousse": [
    2.7346000000000004,
    0.161,
    0.07139999999999999,
    0.25,
    280.0
  ],
  "macarons": [
    4.2748,
    0.182,
    0.0682,
    0.591,
    280.0
  ],
  "tiramisu": [
    2.6927999999999996,
    0.124,
    0.0412,
    0.353,
    150.0
  ],
  "spaghetti carbonara": [
    0.8916,
    0.0436,
    0.0594,
    0.0654,
    350.0
  ],
  "pancakes": [
    2.7929999999999997,
    0.001,
    0.0,
    0.696,
    180.0
  ],
  "pizza": [
    2.444,
    0.1,
    0.107,
    0.27899999999999997,
    250.0
  ],
  "donut": [
    4.1575999999999995,
    0.156,
    0.0444,
    0.644,
    280.0
  ],
  "hamburger": [
    2.6629,
    0.0581,
    0.09300000000000001,
    0.442,
    250.0
  ],
  "grilled salmon": [
    2.234,
    0.134,
    0.257,
    0.0,
    180.0
  ],
  "46": [
    3.5081,
    0.0089,
    0.107,
    0.75,
    280.0
  ],
  "45": [
    3.8609999999999998,
    0.429,
    0.0,
    0.0,
    280.0
  ],
  "65": [
    3.5890999999999997,
    0.0179,
    0.107,
    0.75,
    280.0
  ],
  "79": [
    3.6611000000000002,
    0.0179,
    0.125,
    0.75,
    280.0
  ],
  "81": [
    2.9428,
    0.302,
    0.0562,
    0.0,
    280.0
  ],
  "51": [
    2.4797,
    0.0933,
    0.136,
    0.27399999999999997,
    280.0
  ],
  "29": [
    0.9692000000000001,
    0.0,
    0.030299999999999997,
    0.212,
    280.0
  ],
  "88": [
    3.5081,
    0.0089,
    0.107,
    0.75,
    280.0
  ],
  "57": [
    3.4183,
    0.0167,
    0.11699999999999999,
    0.7,
    280.0
  ],
  "83": [
    2.29,
    0.13,
    0.15,
    0.13,
    280.0
  ],
  "75": [
    2.69,
    0.182,
    0.263,
    0.0,
    280.0
  ],
  "2": [
    0.6465000000000001,
    0.0033,
    0.009399999999999999,
    0.1448,
    280.0
  ],
  "pork": [
    3.29,
    0.292,
    0.13699999999999998,
    0.0285,
    280.0
  ],
  "steak": [
    1.4695999999999998,
    0.09119999999999999,
    0.1188,
    0.0434,
    220.0
  ],
  "rice": [
    1.2344,
    0.011200000000000002,
    0.0245,
    0.2589,
    300.0
  ],
  "cucumber": [
    0.5238,
    0.0018,
    0.004699999999999999,
    0.1222,
    280.0
  ],
  "sauce": [
    0.924,
    0.0,
    0.0,
    0.231,
    280.0
  ],
  "strawberry": [
    2.6,
    0.0,
    0.0,
    0.65,
    150.0
  ],
  "cilantro mint": [
    3.941,
    0.001,
    0.0,
    0.983,
    280.0
  ],
  "bread": [
    2.5276,
    0.0,
    0.0789,
    0.5529999999999999,
    280.0
  ],
  "carrot": [
    3.1661,
    0.1321,
    0.0501,
    0.44420000000000004,
    280.0
  ],
  "spring onion": [
    2.3907,
    0.029500000000000002,
    0.08810000000000001,
    0.4432,
    280.0
  ],
  "french fries": [
    2.8134,
    0.141,
    0.0341,
    0.35200000000000004,
    280.0
  ],
  "chicken duck": [
    2.2023,
    0.1855,
    0.11960000000000001,
    0.013600000000000001,
    220.0
  ],
  "lemon": [
    2.9668,
    0.3,
    0.0,
    0.0667,
    280.0
  ],
  "panna cotta": [
    2.38,
    0.14,
    0.03,
    0.25,
    280.0
  ],
  "juice": [
    0.5871999999999999,
    0.0,
    0.0028000000000000004,
    0.14400000000000002,
    280.0
  ],
  "40": [
    3.6,
    0.4,
    0.0,
    0.0,
    280.0
  ],
  "64": [
    3.8003000000000005,
    0.0667,
    0.133,
    0.667,
    280.0
  ],
  "56": [
    3.4183,
    0.0167,
    0.11699999999999999,
    0.7,
    280.0
  ],
  "49": [
    3.7319999999999998,
    0.0,
    0.0,
    0.9329999999999999,
    280.0
  ],
  "chicken wings": [
    1.967,
    0.14300000000000002,
    0.17,
    0.0,
    220.0
  ],
  "47": [
    3.6611000000000002,
    0.0179,
    0.125,
    0.75,
    280.0
  ],
  "86": [
    3.6611000000000002,
    0.0179,
    0.125,
    0.75,
    280.0
  ],
  "noodles": [
    1.3109,
    0.015700000000000002,
    0.0504,
    0.242,
    350.0
  ],
  "egg": [
    1.7578,
    0.1386,
    0.1184,
    0.0092,
    280.0
  ],
  "macaroni and cheese": [
    2.0526,
    0.12300000000000001,
    0.0864,
    0.15,
    280.0
  ],
  "soup": [
    0.7757,
    0.057699999999999994,
    0.0128,
    0.0513,
    350.0
  ],
  "orange": [
    2.6180000000000003,
    0.1268,
    0.1446,
    0.22460000000000002,
    131.0
  ],
  "miso soup": [
    3.3,
    0.1,
    0.2,
    0.4,
    350.0
  ],
  "spaghetti bolognese": [
    1.2878999999999998,
    0.0063,
    0.0458,
    0.262,
    350.0
  ],
  "ice cream": [
    2.0866,
    0.11900000000000001,
    0.029900000000000003,
    0.22399999999999998,
    150.0
  ],
  "potato": [
    0.8240000000000001,
    0.004,
    0.0165,
    0.1805,
    280.0
  ]
}